北,京,东
北,京
北,京,南
北,京,西
广,州,南
重,庆,北
重,庆
重,庆,南
重,庆,西
广,州,东
上,海
上,海,南
上,海,虹,桥
上,海,西
天,津,北
天,津
天,津,南
天,津,西
香,港,西,九,龙
长,春
长,春,南
长,春,西
成,都,东
成,都,南
成,都
长,沙
长,沙,南
大,明,湖
福,州
福,州,南
贵,阳
广,州
广,州,西
哈,尔,滨
哈,尔,滨,东
哈,尔,滨,西
合,肥
合,肥,西
呼,和,浩,特,东
呼,和,浩,特
海,口,东
海,口
杭,州,东
杭,州
杭,州,南
济,南
济, , ,南
济, , ,南,西
济,南,西
昆,明
昆,明,西
拉,萨
兰,州,东
兰,州
兰,州,西
南,昌
南,京
南,京,南
南,宁
石,家,庄,北
石,家,庄
沈,阳
沈,阳,北
沈,阳,东
沈,阳,南
太,原,北
太,原,东
太,原
武,汉
王,家,营,西
乌,鲁,木,齐
西,安,北
西,安
西,安,南
西,宁
银,川
郑,州
阿,尔,山
安,康
阿,克,苏
阿,里,河
阿,拉,山,口
安,平
安,庆
安,顺
鞍,山
安,阳
北,安
蚌,埠
白,城
北,海
白,河
白,涧
宝,鸡
滨,江
博,克,图
百,色
白,山,市
北,台
包,头,东
包,头
北,屯,市
本,溪
白,云,鄂,博
白,银,西
亳,州
赤,壁
常,德
承,德
长,甸
赤,峰,南
茶,陵
苍,南
昌,平
崇,仁
昌,图
长,汀,镇
曹,县
楚,雄,南
陈,相,屯
长,治,北
池,州
长,征
常,州
郴,州
长,治
沧,州
崇,左
大,安,北
大,成
丹,东
东,方,红
东,莞,东
大,虎,山
敦,化
敦,煌
德,惠
东,京,城
大,涧
都,江,堰
大,连,北
大,理
大,连
定,南
大,庆
东,胜
大,石,桥
大,同
东,营
大,杨,树
都,匀
邓,州
达,州
德,州
额,济,纳
二,连
恩,施
福,鼎
凤,凰,机,场
风,陵,渡
涪,陵
富,拉,尔,基
抚,顺,北
佛,山
阜,新,南
阜,阳
格,尔,木
广,汉
古,交
桂,林,北
古,莲
桂,林
固,始
广,水
干,塘
广,元
广,州,北
赣,州
公,主,岭
公,主,岭,南
淮,安
淮,北
鹤,北
淮,滨
河,边
潢,川
韩,城
邯,郸
横,道,河,子
鹤,岗
皇,姑,屯
红,果
黑,河
怀,化
汉,口
葫,芦,岛
海,拉,尔
霍,林,郭,勒
海,伦
侯,马
哈,密
淮,南
桦,南
海,宁,西
鹤,庆
怀,柔,北
怀,柔
黄,石,东
华,山
黄,山
黄,石
衡,水
衡,阳
菏,泽
贺,州
汉,中
惠,州
吉,安
集,安
江,边,村
晋,城
金,城,江
景,德,镇
嘉,峰
加,格,达,奇
井,冈,山
蛟,河
金,华,南
金,华
九,江
吉,林
荆,门
佳,木,斯
济,宁
集,宁,南
酒,泉
江,山
吉,首
九,台
镜,铁,山
鸡,西
绩,溪,县
嘉,峪,关
江,油
蓟,州,北
金,州
锦,州
库,尔,勒
开,封
岢,岚
凯,里
喀,什
昆,山,南
奎,屯
开,原
六,安
灵,宝
芦,潮,港
利,川
隆,昌
陆,川
临,川
潞,城
鹿,道
娄,底
临,汾
良,各,庄
临,河
漯,河
绿,化
隆,化
丽,江
临,江
龙,井
吕,梁
醴,陵
柳,林,南
滦,平
六,盘,水
灵,丘
旅,顺
兰,溪
陇,西
澧,县
临,西
龙,岩
耒,阳
洛,阳
连,云,港,东
洛,阳,东
临,沂
洛,阳,龙,门
柳,园
凌,源
辽,源
立,志
柳,州
辽,中
麻,城
免,渡,河
牡,丹,江
莫,尔,道,嘎
明,光
满,归
漠,河
茂,名
茂,名,西
密,山
马,三,家
麻,尾
绵,阳
梅,州
满,洲,里
宁,波,东
宁,波
南,岔
南,充
南,丹
南,大,庙
南,芬
讷,河
嫩,江
内,江
南,通
南,阳
碾,子,山
平,顶,山
盘,锦
平,凉
平,凉,南
平,泉
坪,石
萍,乡
凭,祥
郫,县,西
攀,枝,花
蕲,春
青,城,山
青,岛
清,河,城
曲,靖
黔,江
前,进,镇
齐,齐,哈,尔
七,台,河
沁,县
泉,州,东
泉,州
衢,州
融,安
汝,箕,沟
瑞,金
日,照
双,城,堡
绥,芬,河
韶,关,东
山,海,关
绥,化
三,间,房
苏,家,屯
舒,兰
神,木,南
三,门,峡
商,南
遂,宁
四,平
商,丘
上,饶
韶,山
宿,松
汕,头
邵,武
涉,县
邵,阳
三,亚
十,堰
三,元,区
双,鸭,山
松,原
苏,州
深,圳
宿,州
随,州
朔,州
深,圳,西
塘,豹
塔,尔,气
潼,关
塘,沽
塔,河
通,化
泰,来
吐,鲁,番
通,辽
铁,岭
陶,赖,昭
图,们
铜,仁
唐,山,北
田,师,府
泰,山
唐,山
天,水
通,远,堡
太,阳,升
泰,州
桐,梓
通,州,西
五,常
武,昌
瓦,房,店
威,海
芜,湖
乌,海,西
吴,家,屯
乌,鲁,木,齐,南
武,隆
乌,兰,浩,特
渭,南
威,舍
歪,头,山
武,威
武,威,南
无,锡
乌,西
乌,伊,岭
武,夷,山
万,源
万,州
梧,州
温,州
温,州,南
西,昌
许,昌
西,昌,南
锡,林,浩,特
厦,门,北
厦,门
厦,门,高,崎
宣,威
新,乡
信,阳
咸,阳
襄,阳
熊,岳,城
新,余
徐,州
延,安
宜,宾
亚,布,力,南
叶,柏,寿
宜,昌,东
永,川
盐,城
宜,昌
运,城
伊,春
榆,次
杨,村
宜,春,西
伊,尔,施
燕,岗
永,济
延,吉
营,口
牙,克,石
玉,林
阎,良
榆,林
亚,龙,湾
一,面,坡
伊,宁
阳,平,关
玉,屏
原,平
延,庆
阳,泉,曲
玉,泉
阳,泉
营,山
玉,山
燕,山
榆,树
烟,台
鹰,潭
伊,图,里,河
玉,田,县
义,乌
阳,新
义,县
益,阳
岳,阳
崖,州
扬,州
永,州
淄,博
镇,城,底
自,贡
珠,海
珠,海,北
湛,江
镇,江
张,家,界
张,家,口
周,口
扎,兰,屯
驻,马,店
肇,庆
周,水,子
昭,通
中,卫
资,阳
遵,义,西
枣,庄
资,中
株,洲
枣,庄,西
昂,昂,溪
阿,城
安,达
安,德
安,定
安,多
安,广
敖,汉
艾,河
安,化
艾,家,村
安,家
阿,金
安,靖
阿,克,陶
安,口,窑
敖,力,布,告
安,龙
阿,龙,山
安,陆
阿,木,尔
阿,南,庄
安,庆,西
鞍,山,西
安,塘
安,亭,北
阿,图,什
安,图
安,溪
博,鳌
北,碚
白,壁,关
蚌,埠,南
巴,楚
板,城
北,戴,河
保,定
宝,坻
八,达,岭
巴,东
宝,丰
柏,果
布,海
白,河,东
宝,华,山
白,河,县
白,芨,沟
碧,鸡,关
北,滘
碧,江
白,鸡,坡
笔,架,山
八,角,台
保,康
白,奎,堡
白,狼
百,浪
博,乐
巴,林
宝,林
北,流
勃,利
布,列,开
宝,龙,山
百,里,峡
八,面,城
班,猫,箐
八,面,通
北,马,圈,子
北,票,南
白,旗
宝,泉,岭
白,泉
巴,山
白,水,江
白,沙,坡
白,石,山
白,水,镇
包,头, ,东
坂,田
泊,头
北,屯
本,溪,湖
博,兴
八,仙,筒
白,音,察,干
背,荫,河
北,营
巴,彦,高,勒
白,音,他,拉
鲅,鱼,圈
白,银,市
白,音,胡,硕
巴,中
霸,州
北,宅
赤,壁,北
查,布,嘎
长,城
长,冲
承,德,东
赤,峰
嵯,岗
柴,岗
长,葛
柴,沟,堡
城,固
陈,官,营
成,高,子
草,海
柴,河
册,亨
草,河,口
崔,黄,口
巢,湖
蔡,家,沟
成,吉,思,汗
岔,江
蔡,家,坡
昌,乐
超,梁,沟
慈,利
昌,黎
长,岭,子
晨,明
长,农
昌,平,北
常,平
长,坡,岭
辰,清
蔡,山
楚,山
长,寿
磁,山
苍,石
草,市
察,素,齐
长,山,屯
长,汀
朝,天,南
昌,图,西
春,湾
磁,县
岑,溪
辰,溪
磁,西
长,兴,南
磁,窑
春,阳
城,阳
创,业,村
朝,阳,川
朝,阳,地
朝,阳,南
长,垣
朝,阳,镇
滁,州,北
常,州,北
滁,州
潮,州
常,庄
曹,子,里
车,转,湾
郴,州,西
沧,州,西
德,安
大,安
大,坝
大,板
大,巴
电,白
到,保
达,坂,城
定,边
东,边,井
德,伯,斯
打,柴,沟
德,昌
滴,道
大,磴,沟
刀,尔,登
得,耳,布,尔
杜,尔,伯,特
东,方
丹,凤
东,丰
都,格
大,官,屯
大,关
东,光
东,海
大,灰,厂
大,红,旗
大,禾,塘
德,惠,西
东,海,县
达,家,沟
东,津
杜,家
大,口,屯
东,来
德,令,哈
带,岭
大,林
达,拉,特,旗
独,立,屯
豆,罗
达,拉,特,西
大,连,西
东,明,村
洞,庙,河
东,明,县
大,拟
大,平,房
大,盘,石
大,埔
大,堡
大,庆,东
大,其,拉,哈
道,清
对,青,山
德,清,西
大,庆,西
东,升
砀,山
独,山
登,沙,河
读,书,铺
大,石,头
东,胜,西
大,石,寨
东,台
定,陶
灯,塔
大,田,边
东,通,化
丹,徒
大,屯
东,湾
大,武,口
低,窝,铺
大,王,滩
大,湾,子
大,兴,沟
大,兴
定,西
甸,心
东,乡
代,县
定,襄
东,戌
东,辛,庄
丹,阳
德,阳
大,雁
当,阳
丹,阳,北
大,英,东
东,淤,地
大,营
定,远
岱,岳
大,元
大,营,镇
大,营,子
大,战,场
德,州,东
东,至
低,庄
东,镇
道,州
东,庄
兑,镇
豆,庄
定,州
大,竹,园
大,杖,子
豆,张,庄
峨,边
二,道,沟,门
二,道,湾
鄂,尔,多,斯
二,龙
二,龙,山,屯
峨,眉
二,密,河
恩,平
二,营
鄂,州
福,安
丰,城
丰,城,南
肥,东
发,耳
富,海
福,海
凤,凰,城
汾,河
奉,化
富,锦
范,家,屯
福,利,区
福,利,屯
丰,乐,镇
阜,南
阜,宁
抚,宁
福,清
福,泉
丰,水,村
丰,顺
繁,峙
抚,顺
福,山,口
扶,绥
冯,屯
浮,图,峪
富,县,东
凤,县
富,县
费,县
凤,阳
汾,阳
扶,余,北
分,宜
富,源
扶,余
富,裕
抚,州,北
凤,州
丰,镇
范,镇
固,安
广,安
高,碑,店
沟,帮,子
甘,草,店
谷,城
藁,城
高,村
古,城,镇
广,德
贵,定
贵,定,南
古,东
贵,港
官,高
葛,根,庙
干,沟
甘,谷
高,各,庄
甘,河
根,河
郭,家,店
孤,家,子
古,浪
皋,兰
高,楼,房
归,流,河
关,林
甘,洛
郭,磊,庄
高,密
公,庙,子
工,农,湖
广,宁,寺,南
广,南,卫
高,平
甘,泉,北
共,青,城
甘,旗,卡
甘,泉
高,桥,镇
灌,水
赶,水
孤,山,口
果,松
高,山,子
嘎,什,甸,子
高,台
高,滩
古,田
官,厅
官,厅,西
贵,溪
涡,阳
巩,义
高,邑
巩,义,南
广,元,南
固,原
菇,园
公,营,子
光,泽
古,镇
固,镇
虢,镇
瓜,州
高,州
盖,州
官,字,井
冠,豸,山
盖,州,西
海,安
淮,安,南
红,安
红,安,西
黄,柏
海,北
鹤,壁
会,昌,北
汉,川
华,城
河,唇
海,城
合,川
黑,冲,滩
黄,村
海,城,西
化,德
洪,洞
霍,尔,果,斯
横,峰
韩,府,湾
汉,沽
黄,瓜,园
红,光,镇
浑,河
红,花,沟
黄,花,筒
贺,家,店
和,静
红,江
黑,井
获,嘉
河,津
涵,江
华,家
杭,锦,后,旗
河,间,西
花,家,庄
河,口,南
湖,口
黄,口
呼,兰
葫,芦,岛,北
浩,良,河
哈,拉,海
鹤,立
桦,林
黄,陵
海,林
虎,林
寒,岭
和,龙
海,龙
哈,拉,苏
呼,鲁,斯,太
火,连,寨
黄,梅
韩,麻,营
黄,泥,河
海,宁
惠,农
和,平
花,棚,子
花,桥
宏,庆
怀,仁
华,容
华,山,北
黄,松,甸
和,什,托,洛,盖
汉,寿
红,山
衡,山
黑,水
惠,山
虎,什,哈
红,寺,堡
虎,石,台
海,石,湾
衡,山,西
红,砂,岘
黑,台
桓,台
和,田
会,同
海,坨,子
黑,旺
海,湾
红,星
徽,县
红,兴,隆
换,新,天
红,岘,台
红,彦
海,晏
合,阳
衡,阳,东
华,蓥
汉,阴
黄,羊,滩
汉,源
河,源
花,园
湟,源
黄,羊,镇
湖,州
化,州
黄,州
霍,州
惠,州,西
巨,宝
靖,边
金,宝,屯
晋,城,北
金,昌
鄄,城
交,城
建,昌
峻,德
井,店
鸡,东
江,都
鸡,冠,山
金,沟,屯
静,海
金,河
锦,河
精,河
精,河,南
江,华
建,湖
纪,家,沟
晋,江
锦,界
姜,家
江,津
金,坑
芨,岭
金,马,村
江,门,东
角,美
莒,南
井,南
建,瓯
经,棚
江,桥
九,三
金,山,北
建,始
嘉,善
京,山
稷,山
吉,舒
建,设
甲,山
建,三,江
嘉,善,南
金,山,屯
江,所,田
景,泰
九,台,南
吉,文
进,贤
莒,县
嘉,祥
介,休
嘉,兴
井,陉
嘉,兴,南
夹,心,子
简,阳
姜,堰
建,阳
巨,野
揭,阳,南
江,永
缙,云
靖,远
江,源
济,源
靖,远,西
胶,州,北
焦,作,东
金,寨
荆,州
蓟,州
靖,州
胶,州
晋,州
锦,州,南
焦,作
旧,庄,窝
金,杖,子
开,安
库,车
康,城
库,都,尔
宽,甸
克,东
昆,都,仑,召
开,江
康,金,井
喀,喇,其
开,鲁
克,拉,玛,依
开,平,南
口,前
昆,山
奎,山
克,山
康,熙,岭
昆,阳
克,一,河
开,原,西
康,庄
来,宾
老,边
灵,宝,西
龙,川
乐,昌
黎,城
聊,城
蓝,村
两,当
林,东
乐,都
梁,底,下
六,道,河,子
鲁,番
廊,坊
落,垡
廊,坊,北
老,府
兰,岗
龙,骨,甸
芦,沟
龙,沟
拉,古
临,海
林,海
拉,哈
凌,海
柳,河
六,合
龙,华
滦,河,沿
六,合,镇
亮,甲,店
刘,家,店
刘,家,河
连,江
庐,江
李,家
罗,江
廉,江
两,家
龙,江
龙,嘉
莲,江,口
蔺,家,楼
李,家,坪
兰,考
林,口
路,口,铺
老,莱
临,澧
拉,林
陆,良
龙,里
兰,棱
零,陵
卢,龙
喇,嘛,甸
里,木,店
洛,门
龙,南
梁,平
罗,平
落,坡,岭
六,盘,山
乐,平,市
临,清
龙,泉,寺
乐,山,北
乐,善,村
冷,水,江,东
连,山,关
流,水,沟
丽,水
陵,水
罗,山
鲁,山
梁,山
灵,石
露,水,河
庐,山
林,盛,堡
柳,树,屯
龙,山,镇
梨,树,镇
李,石,寨
黎,塘
轮,台
芦,台
龙,塘,坝
濑,湍
骆,驼,巷
李,旺
莱,芜,东
狼,尾,山
灵,武
莱,芜,西
朗,乡
陇,县
临,湘
芦,溪
莱,西
林,西
滦,县
莱,阳
略,阳
辽,阳
凌,源,东
临,沂,东
连,云,港
临,颍
老,营
龙,游
罗,源
林,源
涟,源
涞,源
耒,阳,西
临,泽
龙,爪,沟
雷,州
六,枝
鹿,寨
来,舟
龙,镇
拉,鲊
兰,州,新,区
马,鞍,山
毛,坝
毛,坝,关
麻,城,北
渑,池
明,城
庙,城
渑,池,南
茅,草,坪
猛,洞,河
磨,刀,石
弥,渡
帽,儿,山
明,港
梅,河,口
马,皇
孟,家,岗
美,兰
汨,罗,东
马,莲,河
穆,棱
茅,岭
庙,岭
茂,林
马,林
马,龙
木,里,图
汨,罗
玛,纳,斯,湖
冕,宁
沐,滂
马,桥,河
闽,清
民,权
明,水,河
麻,山
眉,山
漫,水,湾
茂,舍,祖
米,沙,子
马,踏
美,溪
勉,县
麻,阳
密,云,北
米,易
麦,园
墨,玉
庙,庄
米,脂
明,珠
宁,安
农,安
南,博,山
南,仇
南,城,司
宁,村
宁,德
南,观,村
南,宫,东
南,关,岭
宁,国
宁,海
南,华,北
南,河,川
泥,河,子
宁,家
南,靖
牛,家
能,家
南,口
南,口,前
南,朗
乃,林
尼,勒,克
那,罗
宁,陵,县
奈,曼
宁,明
南,木
那,铺
南,桥
那,曲
暖,泉
南,台
南,头
宁,武
南,湾,子
南,翔,北
宁,乡
内,乡
牛,心,台
南,峪
娘,子,关
南,召
南,杂,木
蓬,安
平,安
平,安,驿
磐,安,镇
平,安,镇
蒲,城,东
蒲,城
裴,德
偏,店
坡,底,下
瓢,儿,屯
平,房
平,岗
平,果
平,关
盘,关
徘,徊,北
平,河,口
平,湖
盘,锦,北
潘,家,店
皮,口,南
普,兰,店
偏,岭
平,山
彭,山
皮,山
磐,石
平,社
彭,水
平,台
平,田
莆,田
葡,萄,菁
普,湾
平,旺
平,型,关
普,雄
蓬,溪
郫,县
平,阳
平,洋
彭,阳
平,遥
平,邑
平,原,堡
平,原
平,峪
平,庄,北
彭,泽
邳,州
泡,子
平,庄,南
乾,安
庆,安
迁,安
祁,东,北
七,甸
曲,阜,东
庆,丰
奇,峰,塔
曲,阜
琼,海
秦,皇,岛
千,河
清,河
清,河,门
清,华,园
全,椒
潜,江
渠,旧
秦,家
綦,江
祁,家,堡
清,涧,县
秦,家,庄
七,里,河
秦,岭
渠,黎
青,龙
青,龙,山
祁,门
前,磨,头
青,山
确,山
前,山
清,水
戚,墅,堰
青,田
桥,头
青,铜,峡
前,卫
前,苇,塘
渠,县
祁,县
青,县
桥,西
清,徐
旗,下,营
千,阳
沁,阳
泉,阳
祁,阳,北
七,营
庆,阳,山
清,远
清,原
钦,州,东
钦,州
青,州,市
瑞,安
荣,昌
瑞,昌
如,皋
容,桂
任,丘
乳,山
融,水
热,水
容,县
饶,阳
汝,阳
绕,阳,河
汝,州
石,坝
上,板,城
施,秉
上,板,城,南
世,博,园
双,城,北
舒,城
商,城
莎,车
顺,昌
神,池
沙,城
石,城
山,城,镇
山,丹
顺,德
绥,德
水,洞
商,都
十,渡
四,道,湾
顺,德,学,院
绅,坊
双,丰
四,方,台
水,富
三,关,口
桑,根,达,来
韶,关
上,高,镇
上,杭
沙,海
蜀,河
松,河
沙,河
沙,河,口
赛,汗,塔,拉
沙,河,市
沙,后,所
山,河,屯
三,河,县
四,合,永
三,汇,镇
双,河,镇
石,河,子
三,合,庄
三,家,店
水,家,湖
沈,家,河
松,江,河
尚,家
孙,家
沈,家
双,吉
松,江
三,江,口
司,家,岭
松,江,南
石,景,山,南
邵,家,堂
三,江,县
三,家,寨
十,家,子
松,江,镇
施,家,嘴
深,井,子
什,里,店
疏,勒
疏,勒,河
舍,力,虎
石,磷
石,林
双,辽
绥,棱
石,岭
石,林,南
石,龙
萨,拉,齐
索,伦
商,洛
沙,岭,子
石,门,县,北
三,门,峡,南
三,门,县
石,门,县
三,门,峡,西
肃,宁
宋
双,牌
沙,坪,坝
四,平,东
遂,平
沙,坡,头
沙,桥
商,丘,南
水,泉
石,泉,县
石,桥,子
石,人,城
石,人
山,市
神,树
鄯,善
三,水
泗,水
石,山
松,树
首,山
三,十,家
三,十,里,堡
双,水,镇
松,树,镇
松,桃
索,图,罕
三,堂,集
石,头
神,头
沙,沱
上,万
孙,吴
沙,湾,县
歙,县
遂,溪
沙,县
绍,兴
石,岘
上,西,铺
石,峡,子
绥,阳
沭,阳
寿,阳
水,洋
三,阳,川
上,腰,墩
三,营
顺,义
三,义,井
三,源,浦
上,虞
三,原
上,园
水,源
桑,园,子
绥,中,北
苏,州,北
宿,州,东
深,圳,东
深,州
孙,镇
绥,中
尚,志
师,庄
松,滋
师,宗
苏,州,园,区
苏,州,新,区
泰,安
台,安
通,安,驿
桐,柏
通,北
桐,城
汤,池
郯,城
铁,厂
桃,村
通,道
田,东
天,岗
土,贵,乌,拉
通,沟
太,谷
塔,哈
棠,海
唐,河
泰,和
太,湖
团,结
谭,家,井
陶,家,屯
唐,家,湾
统,军,庄
吐,列,毛,杜
图,里,河
铜,陵
田,林
亭,亮
铁,力
铁,岭,西
图,们,北
天,门
天,门,南
太,姥,山
土,牧,尔,台
土,门,子
洮,南
潼,南
太,平,川
太,平,镇
图,强
台,前
天,桥,岭
土,桥,子
汤,山,城
台,山
桃,山
塔,石,嘴
通,途
汤,旺,河
同,心
土,溪
桐,乡
田,阳
天,义
汤,阴
驼,腰,岭
太,阳,山
通,榆
汤,原
塔,崖,驿
滕,州,东
台,州
天,祝
滕,州
天,镇
桐,子,林
天,柱,山
文,安
武,安
王,安,镇
吴,堡
旺,苍
五,叉,沟
文,昌
温,春
五,大,连,池
文,登
五,道,沟
五,道,河
文,地
卫,东
武,当,山
望,都
乌,尔,旗,汗
潍,坊
万,发,屯
王,府
瓦,房,店,西
王,岗
武,功
湾,沟
吴,官,田
乌,海
苇,河
卫,辉
吴,家,川
五,家
威,箐
午,汲
渭,津
王,家,湾
倭,肯
五,棵,树
五,龙,背
万,乐
瓦,拉,干
温,岭
五,莲
乌,拉,特,前,旗
卧,里,屯
渭,南,北
乌,奴,耳
万,宁
万,年
渭,南,南
渭,南,镇
沃,皮
吴,桥
汪,清
武,清
武,山
文,水
魏,善,庄
王,瞳
五,台,山
王,团,庄
五,五
无,锡,东
卫,星
闻,喜
武,乡
无,锡,新,区
武,穴
吴,圩
王,杨
武,义
五,营
瓦,窑,田
五,原
苇,子,沟
韦,庄
五,寨
王,兆,屯
微,子,镇
魏,杖,子
新,安
兴,安
新,安,县
新,保,安
下,板,城
西,八,里
宣,城
兴,城
小,村
新,绰,源
下,城,子
新,城,子
喜,德
小,得,江
西,大,庙
小,董
小,东
香,坊
信,丰
襄,汾
息,烽
新,干
轩,岗
孝,感
西,固,城
兴,国
西,固
夏,官,营
西,岗,子
宣,汉
襄,河
新,和
宣,和
斜,河,涧
新,华,屯
新,会
新,华
新,晃
新,化
宣,化
兴,和,西
小,河,沿
下,花,园
小,河,镇
徐,家,店
徐,家
峡,江
新,绛
辛,集
新,江
西,街,口
许,家,屯
许,家,台
谢,家,镇
兴,凯
小,榄
香,兰
兴,隆,店
新,乐
新,林
小,岭
新,李
西,林
西,柳
仙,林
新,立,屯
兴,隆,县
兴,隆,镇
新,立,镇
新,民
西,麻,山
下,马,塘
孝,南
咸,宁,北
兴,宁
咸,宁
犀,浦,东
西,平
兴,平
新,坪,田
霞,浦
溆,浦
犀,浦
新,青
新,邱
兴,泉,堡
仙,人,桥
小,寺,沟
杏,树
浠,水
下,社
小,市
徐,水
夏,石
小,哨
秀,山
新,松,浦
杏,树,屯
许,三,湾
湘,潭
邢,台
向,塘
仙,桃,西
下,台,子
徐,闻
新,窝,铺
修,武
新,县
息,县
西,乡
湘,乡
西,峡
孝,西
小,新,街
新,兴,县
西,小,召
小,西,庄
向,阳
旬,阳
旬,阳,北
兴,业
小,雨,谷
新,沂
兴,义
信,宜
小,月,旧
小,扬,气
襄,垣
夏,邑,县
祥,云,西
新,友,谊
新,阳,镇
徐,州,东
新,帐,房
悬,钟
新,肇
襄,州
忻,州
汐,子
西,哲,里,木
新,杖,子
姚,安
依,安
永,安
永,安,乡
亚,布,力
元,宝,山
羊,草
秧,草,地
阳,澄,湖
迎,春
叶,城
盐,池
砚,川
阳,春
宜,城
应,城
禹,城
晏,城
阳,城
阳,岔
郓,城
雁,翅
云,彩,岭
虞,城,县
营,城,子
英,德
永,登
尹,地
永,定
阳,东
雁,荡,山
于,都
园,墩
英,德,西
永,丰,营
杨,岗
阳,高
阳,谷
友,好
余,杭
沿,河,城
岩,会
羊,臼,河
永,嘉
阳,江
营,街
盐,津
余,江
燕,郊
姚,家
岳,家,井
一,间,堡
英,吉,沙
云,居,寺
燕,家,庄
永,康
营,口,东
银,浪
永,郎
宜,良,北
永,乐,店
伊,拉,哈
伊,林
杨,陵
彝,良
杨,林
余,粮,堡
杨,柳,青
月,亮,田
义,马
阳,明,堡
玉,门
云,梦
元,谋
一,面,山
沂,南
宜,耐
伊,宁,东
营,盘,水
羊,堡
阳,泉,北
乐,清
焉,耆
源,迁
姚,千,户,屯
阳,曲
榆,树,沟
颍,上
月,山
玉,石
玉,舍
偃,师
沂,水
榆,社
窑,上
元,氏
杨,树,岭
野,三,坡
榆,树,屯
榆,树,台
鹰,手,营,子
源,潭
牙,屯,堡
烟,筒,山
烟,筒,屯
羊,尾,哨
阳,西
越,西
永,修
攸,县
玉,溪,西
弋,阳
余,姚
酉,阳
岳,阳,东
阳,邑
鸭,园
鸳,鸯,镇
燕,子,砭
仪,征
宜,州
兖,州
迤,资
羊,者,窝
杨,杖,子
镇,安
治,安
招,柏
张,百,湾
中,川,机,场
枝,城
子,长
诸,城
邹,城
赵,城
章,党
正,定
肇,东
照,福,铺
章,古,台
赵,光
中,和
中,华,门
枝,江,北
钟,家,村
朱,家,沟
紫,荆,关
周,家
诸,暨
镇,江,南
周,家,屯
褚,家,湾
湛,江,西
朱,家,窑
曾,家,坪,子
张,兰
镇,赉
枣,林
扎,鲁,特
扎,赉,诺,尔,西
樟,木,头
中,牟
中,宁,东
中,宁
中,宁,南
镇,平
漳,平
泽,普
枣,强
张,桥
章,丘
朱,日,和
泽,润,里
中,山,北
樟,树,东
珠,斯,花
中,山
柞,水
钟,山
樟,树
珠,窝
张,维,屯
彰,武
棕,溪
钟,祥
资,溪
镇,西
张,辛
正,镶,白,旗
枣,阳
紫,阳
竹,园,坝
张,掖
镇,远
漳,州,东
漳,州
壮,志
子,洲
中,寨
涿,州
咋,子
卓,资,山
株,洲,西
郑,州,西
阿,巴,嘎,旗
阿,城,北
阿,尔,山,北
安,江,东
阿,勒,泰
安,陆,西
安,仁
安,顺,西
安,图,西
安,阳,东
博,白
八,步
栟,茶
八,达,岭,长,城
保,定,东
博,尔,塔,拉
八,方,山
白,沟
滨,海
滨,海,北
滨,海,港
滨,海,西
毕,节
宝,鸡,南
北,京,大,兴
北,井,子
八,里,甸,子
白,马,井
北,票
宝,清
璧,山
白,沙,铺
白,水,县
板,塘
白,文,东
宾,西,北
本,溪,新,城
步,行,街
宾,阳
白,云,北
白,洋,淀
百,宜
白,音,华,南
巴,中,东
彬,州
滨,州
宾,州
亳,州,南
霸,州,西
长,安
长,安,西
澄,城
承,德,县,北
承,德,南
成,都,西
曹,妃,甸,东
曹,妃,甸,港
长,葛,北
城,固,北
查,干,湖
巢,湖,东
从,江
蔡,家,崖
茶,卡
长,临,河
长,流
茶,陵,南
长,宁
常,平,东
常,平,南
长,庆,桥
长,寿,北
长,寿,湖
常,山
潮,汕
长,沙,西
朝,天
长,汀,南
长,武
长,兴
苍,溪
楚,雄
城,西
朝,阳
长,阳
潮,阳
朝,阳,湖
崇,州
城,子,坦
东,安,东
德,保
都,昌
东,岔
东,城,南
东,戴,河
丹,东,西
东,二,道,河
大,方
大,丰
大,方,南
东,港,北
东,莞,港
大,孤,山
东,莞
东,莞,西
东,花,园,北
鼎,湖,东
鼎,湖,山
道,滘
垫,江
洞,井
丹,江,口
董,家,口
大,苴
洞,口
达,连,河
大,荔
大,朗,镇
得,莫,利
大,青,沟
德,清
东,胜,东
砀,山,南
大,石,头,南
当,涂,东
大,同,南
大,通,西
大,旺
定,西,北
大,兴,机,场
德,兴,东
德,兴
丹,霞,山
大,阳
大,冶,北
都,匀,东
大,邑
东,营,南
大,余
邓,州,东
定,州,东
端,州
大,足,南
额,敏
峨,眉,山
阿,房,宫
鄂,州,东
防,城,港,北
丰,城,东
凤,城,东
富,川
方,城
繁,昌,西
丰,都
扶,沟,南
福,海,西
涪,陵,北
枫,林
阜,宁,东
富,宁
阜,宁,南
佛,坪
法,启
芙,蓉,南
丰,顺,东
复,盛
抚,松
佛,山,西
福,山,镇
福,田
凤,台,南
费,县,北
阜,新
富,阳
富,源,北
抚,远
阜,阳,西
抚,州,东
抚,州
方,正
福,州, ,南
高,安
广,安,南
贵,安
高,碑,店,东
古,北,口
谷,城,北
古,城,东
恭,城
藁,城,南
贵,定,北
葛,店,南
贵,定,县
广,汉,北
高,花
革,居
高,楞
关,岭
桂,林,西
高,密,北
光,明,城
灌,南
广,宁
广,宁,寺
广,南,县
桂,平
弓,棚,子
赶,水,东
光,山
谷,山
观,沙,岭
古,田,北
广,通,北
高,台,南
古,田,会,址
赣,县,北
贵,阳,北
观,音,机,场
贵,阳,东
灌,云
赣,榆
高,邑,西
赣,州,西
淮,安,东
惠,安
怀,安
淮,北,北
鹤,壁,东
花,博,山
寒,葱,沟
霍,城
珲,春
河,东,机,场
横,道,河,子,东
邯,郸,东
惠,东
哈,达,铺
洪,洞,西
海,东,西
哈,尔,滨,北
合,肥,北,城
合,肥,南
黄,冈
黄,冈,东
横,沟,桥,东
黄,冈,西
洪,河
怀,化,南
黄,河,景,区
惠,环
花,湖
后,湖
厚,街
怀,集
河,口,北
宏,克,力
怀,来
海,林,北
黄,流
黄,陵,南
虎,门,北
虎,门,东
鲘,门
海,门
洪,梅
虎,门
侯,马,西
衡,南
淮,南,东
淮,南,南
合,浦
霍,邱
怀,仁,东
华,容,东
华,容,南
红,寺,堡,北
黑,山,北
衡,水,北
黄,山,北
黄,石,北
贺,胜,桥,东
和,硕
花,山,南
黑,山,寺
荷,塘
黄,土,店
海,阳,北
合,阳,北
槐,荫
鄠,邑
花,园,口
淮,阳,南
霍,州,东
惠,州,南
建,安
吉,安,西
泾,川
碱,厂
景,德,镇,北
旌,德
建,德
尖,峰
近,海
蛟,河,西
军,粮,城,北
将,乐
贾,鲁,河
九,郎,山
即,墨,北
剑,门,关
佳,木,斯,西
莒,南,北
建,宁,县,北
济,南,东
江,宁
江,宁,西
建,瓯,西
建,桥
酒,泉,南
句,容,西
建,水
尖,山
界,首,南
界,首,市
吉,水,西
绩,溪,北
介,休,东
泾,县
靖,西
郏,县
进,贤,南
揭,阳
江,油,北
揭,阳,机,场
简,阳,南
嘉,峪,关,南
金,银,潭
靖,宇
金,月,湾
缙,云,西
景,州
晋,中
开,封,北
开,福,寺
开,化
凯,里,南
库,伦
昆,明,南
葵,潭
开,阳
昆,玉
喀,左
隆,安,东
来,宾,北
灵,璧
寮,步
绿,博,园
隆,昌,北
乐,昌,东
临,城
罗,城
陵,城
老,城,镇
龙,洞,堡
乐,都,南
娄,底,南
乐,东
离,堆,公,园
娄,烦
来,凤
陆,丰
龙,丰
禄,丰,南
临,汾,西
临,高,南
麓,谷
滦,河
珞,璜,南
隆,回
漯,河,西
罗,江,东
柳,江
利,津,南
厉,家,寨
兰,考,南
龙,口,市
龙,里,北
兰,陵,北
沥,林,北
醴,陵,东
芦,庙
陇,南
梁,平,南
龙,桥
礼,泉
临,泉
龙,山,北
灵,石,东
涟,水
乐,山
龙,市
溧,水
娄,山,关,南
岚,山,西
灵,武,北
洛,湾,三,江
莱,西,北
岚,县
溧,阳
临,沂,北
临, , ,沂,北
临,邑
柳,园,南
鹿,寨,北
临,淄,北
阆,中
临,泽,南
马,鞍,山,东
毛,陈
帽,儿,山,西
明,港,东
民,和,南
闵,集
马,兰
民,乐
弥,勒
玛,纳,斯
牟,平
闽,清,北
民,权,北
眉,山,东
蒙,山
名,山
庙,山
岷,县
门,源
暮,云
蒙,自,北
孟,庄
蒙,自
梅,州,西
南,部
南,曹
南,充,北
牛,车,河
南,城
南, ,昌
南,昌,西
宁,东,南
宁,东
南,芬,北
南,丰
南,湖,东
牛,河,梁
南,华
内,江,北
南,江
南,江,口
奈,林,皋
南,陵
尼,木
南,宁,东
南,宁,西
南,堡,北
南,平,市
宁,强,南
泥,溪
南,雄
南,阳,东
纳,雍
南,阳,寨
普,安
普,安,县
屏,边
平,坝,南
平,昌
普,定
平,度
平,顶,山,西
蒲,江
皮,口
盘,龙,城
蓬,莱,市
普,宁
平,南,南
平,泉,北
彭,山,北
屏,山
盘,山
坪,上
萍,乡,北
鄱,阳
濮,阳
平,遥,古,城
平,原,东
普,者,黑
盘,州
彭,州
攀,枝,花,南
彭,州,南
秦,安
青,白,江,东
青,川
青,岛,北
千,岛,湖
祁,东
启,东
青,堆
青,岛,西
前,锋
清,河,门,北
齐,河
曲,靖,北
綦,江,东
曲,江
邛,崃
青,莲
齐,齐,哈,尔,南
清,水,北
青,神
岐,山
庆,盛
清,水,县
曲,水,县
犍,为
祁,县,东
黔,西
乾,县
旗,下,营,南
祁,阳
青,州,市,北
乔,庄,东
全,州,南
棋,子,湾
清,镇,西
仁,布
荣,昌,北
荣,成
瑞,昌,西
如,东
榕,江
日,喀,则
饶,平
日,照,西
宋,城,路
三,道,湖
邵,东
三,都,县
胜,芳
双,峰,北
商,河
泗,洪
双,河,市
四,会
畲,江,北
石,家,庄,东
三,江,南
沙,井,西
三,井,子
四,棵,树
双,流,机,场
双,龙,湖
石,林,西
双,流,西
胜,利,镇
三,明,北
三,明
嵩,明
树,木,岭
神,木
睢,宁
苏,尼,特,左,旗
山,坡,东
沈,丘,北
商,丘,东
宿,迁
石,桥
沈,丘
鄯,善,北
狮,山,北
三,水,北
松,山,湖,北
狮,山
泗,水,南
三,水,南
韶,山,南
三,穗
石,梯
汕,尾
歙,县,北
绍,兴,北
绍,兴,东
寿,县
泗,县
始,兴
随,县
泗,阳
双,洋
三,阳
射,阳
双,阳
邵,阳,北
松,原,北
十,堰,东
山,阴
邵,阳,西
沈,阳,西
深,圳,机,场,北
深,圳,北
深,圳,机,场
神,州
桑,植
尚,志,南
随,州,南
深,圳,坪,山
石,嘴,山
石,柱,县
台,安,南
桃,村,北
铁,厂,沟
塔,城
铁,刹,山
田,东,北
土,地,堂,东
太,谷,西
吐,哈
通,海
太,和,北
天,河,机,场
太,和,东
天,河,街
唐,海,南
通,化,县
同,江
托,克,托,东
吐,鲁,番,北
铜,陵,北
桐,庐
泰,宁
铜,仁,南
天,水,南
通,渭
田,心,东
汤,逊,湖
藤,县
太,原,南
桃,源
通,远,堡,西
桐,梓,北
太,子,城
桐,梓,东
通,州
万,安,县
吴,川
文,登,东
武,当,山,西
潍,坊,北
五,府,山
威,虎,岭,北
威,海,北
苇,河,西
温,江
魏,家,泉
乌,兰,察,布
五,龙,背,东
乌,龙,泉,南
乌,兰,木,图
望,牛,墩
五,女,山
渭,南,西
武,胜
乌,苏
五,通
无,为
无,为,南
瓦,屋,山
威,信
闻,喜,西
武,义,北
武,夷,山,北
婺,源
渭,源
万,州,北
吴,忠
武,陟
梧,州,南
兴,安,北
许,昌,北
许,昌,东
项,城
新,都,东
西,渡
咸,丰
西,丰
先,锋
湘,府,路
襄,汾,西
孝,感,北
新,干,东
孝,感,东
兴,国,西
夏,格,庄
兴,和,北
宣,化,北
下,花,园,北
西,湖,东
新,化,南
西,华
新,晃,西
新,津
小,金,口
辛,集,南
新,津,南
西,来
新,民,北
厦, ,门
咸,宁,东
咸,宁,南
溆,浦,南
西,平,西
响,水,县
湘,潭,北
邢,台,东
新,塘,南
兴,文
西,乌,旗
修,武,西
修,文,县
萧,县,北
新,香,坊,北
新,乡,东
萧,县
岫,岩
新,余,北
西,阳,村
信,阳,东
襄,阳,东
咸,阳,秦,都
秀,英
仙,游
祥,云
新,郑,机,场
香,樟,路
忻,州,西
雅,安
永,安,南
迎,宾,路
亚,布,力,西
宜,宾,西
永,城,北
盐,城,北
运,城,北
禹,城,东
永,川,东
宜,春
岳,池
云,东,海
姚,渡
云,浮,东
永,福,南
雨,格
阳,高,南
洋,河
永,济,北
弋,江
延,吉,西
永,康,南
依,兰
运,粮,河
鄢,陵
炎,陵
杨,陵,南
羊,马
一,面,坡,北
云,梦,东
伊,敏
元,谋,西
郁,南
云,南,驿
延,平,东
延,平
银,瓶
延,平,西
原,平,西
雁,栖,湖
杨,桥
阳,曲,西
永,仁
颍,上,北
阳,朔
永,寿
云,山
玉,山,南
雁,石,南
永,泰
银,滩
鹰,潭,北
烟,台,南
伊,通
烟,台,西
尤,溪
云,霄
宜,兴
玉,溪
应,县
阳,信
攸,县,南
洋,县,西
义,县,西
余,姚,北
禹,州
榆,中
诏,安
淄,博,北
正,定,机,场
准,东
纸,坊,东
准,格,尔
庄,河,北
昭,化
织,金,北
张,家,川
芷,江
织,金
张,家,口,南
张,家,界,西
仲,恺
周,口,东
曾,口
珠,琳
左,岭
樟,木,头,东
驻,马,店,西
邹,平
漳,浦
漳,平,西
章,丘,北
肇,庆,东
庄,桥
昭,山
钟,山,西
朱,砂,古,镇
中,堂
中,卫,南
镇,雄
漳,县
资,阳,北
遵,义
遵,义,南
张,掖,西
资,中,北
涿,州,东
枣,庄,东
卓,资,东
郑,州,东
株,洲,南
