杭州–小芝,https://toseseni.com/wp-content/cache/theme-thumbnail/a42a59e17fba899074329cd6fdb4d335-200-140.jpg
北京–璎珞,https://toseseni.com/wp-content/cache/theme-thumbnail/763a9eff03975210ab976a613ad58ec2-200-140.jpg
北京–菲儿,https://toseseni.com/wp-content/cache/theme-thumbnail/f9445149be44156d5e19ade51ec19e82-200-140.jpg
成都–安夏,https://toseseni.com/wp-content/cache/theme-thumbnail/4e10a6c1908f55cff5425ed2d946d14b-200-140.jpg
北京–妞妞,https://toseseni.com/wp-content/cache/theme-thumbnail/f0260cdb9e175e3488ba36a6e70110d1-200-140.jpg
北京–咸鱼娘,https://toseseni.com/wp-content/cache/theme-thumbnail/5487b7b64ffe6ae82e3aebc7431b123c-200-140.jpg
无锡–xiang,https://toseseni.com/wp-content/cache/theme-thumbnail/5c99833278621f6c33bd7846b79f9609-200-140.jpg
杭州–涅槃,https://toseseni.com/wp-content/cache/theme-thumbnail/0f494ee049f5494ab29344fa7c5b30e7-200-140.jpg
成都—钟倩儿,https://toseseni.com/wp-content/cache/theme-thumbnail/c8975258166c6b88743998ff434e3713-200-140.jpg
北京—芭比妹妹,https://toseseni.com/wp-content/cache/theme-thumbnail/0d739d14ba15e3deebec49935987b586-200-140.jpg
杭州—小猫咪,https://toseseni.com/wp-content/cache/theme-thumbnail/6c40948adb193f60396d25b9056badf3-200-140.jpg
杭州–梦儿,https://toseseni.com/wp-content/cache/theme-thumbnail/3cc1a9375abcbcf533671b1d2e7a9921-200-140.jpg
杭州—仙子,https://toseseni.com/wp-content/cache/theme-thumbnail/c591d0ebddf118f4716ebc0baa1e034b-200-140.jpg
杭州—江小白,https://toseseni.com/wp-content/cache/theme-thumbnail/5dc5e0cd6700d3518d7b849db7680e34-200-140.jpg
北京—乔儿,https://toseseni.com/wp-content/cache/theme-thumbnail/887d4eec9a8a902b974a641d204544a9-200-140.jpg
北京—乐乐,https://toseseni.com/wp-content/cache/theme-thumbnail/1e31b293c403a35695108ef848703def-200-140.jpg
成都–和田美慧,https://toseseni.com/wp-content/cache/theme-thumbnail/11b7290cbf43f7a73d75189e2896e1fb-200-140.jpg
北京–开心果,https://toseseni.com/wp-content/cache/theme-thumbnail/cdf6d18a6784cd5ba39103949316e684-200-140.jpg
北京–晨晨,https://toseseni.com/wp-content/cache/theme-thumbnail/a744c15cabe517d561808f69481d6a9a-200-140.jpg
成都–浅浅,https://toseseni.com/wp-content/cache/theme-thumbnail/7b166aba4df2557f711a6d218bc09c2f-200-140.jpg
北京–兔兔,https://toseseni.com/wp-content/cache/theme-thumbnail/db046e6d0515d56fd492fd1d1ca12ba5-200-140.jpg
成都–紫烟,https://toseseni.com/wp-content/cache/theme-thumbnail/759139eec5e778fb9a371bafe475c146-200-140.jpg
北京–小喜,https://toseseni.com/wp-content/cache/theme-thumbnail/5b767d879b5d1511efe1044e75c0c6a6-200-140.jpg
北京–酒仙桥小芒果,https://toseseni.com/wp-content/cache/theme-thumbnail/ad3cda3ddfac0d735113b66dd7820c4f-200-140.jpg
深圳–龙华小仙女,https://toseseni.com/wp-content/cache/theme-thumbnail/7cf5d5d40be5f339697f90486dc5acb6-200-140.jpg
北京–美宝,https://toseseni.com/wp-content/cache/theme-thumbnail/7ecb81354c991566bcc41574afb826aa-200-140.jpg
北京–妖小沫,https://toseseni.com/wp-content/cache/theme-thumbnail/13ace8d3eec9b53842a67d4aa2937073-200-140.jpg
绵阳–子沐晴,https://toseseni.com/wp-content/cache/theme-thumbnail/4ce1b502776486d500f2ed9dc5946e16-200-140.jpg
绵阳–婷婷,https://toseseni.com/wp-content/cache/theme-thumbnail/d97cdf9e4426655cac248adf22a42ee2-200-140.jpg
绵阳–汝洳,https://toseseni.com/wp-content/cache/theme-thumbnail/42ab77fc293607ce47a76a05308d472e-200-140.jpg
深圳–小妍,https://toseseni.com/wp-content/cache/theme-thumbnail/e6c97a580539d455c59e31d1528b565c-200-140.jpg
深圳–南山纯忆,https://toseseni.com/wp-content/cache/theme-thumbnail/072533a7654b2e9130c3b35374743c8b-200-140.jpg
深圳–小橙子,https://toseseni.com/wp-content/cache/theme-thumbnail/d626020aa8d91bd49be173191534a141-200-140.jpg
深圳–喜羊羊,https://toseseni.com/wp-content/cache/theme-thumbnail/69abfb9e48184d3aa31fa66c0c854abb-200-140.jpg
北京–苏瑞,https://toseseni.com/wp-content/cache/theme-thumbnail/9865a45e102ed0f66391f43d86819649-200-140.jpg
上海，重庆–萌萌,https://toseseni.com/wp-content/cache/theme-thumbnail/ce536b6eb3ed4cc58eb4f0648dc3e66b-200-140.jpg
北京–乔伊,https://toseseni.com/wp-content/cache/theme-thumbnail/a457cc2302e80bd4ae12bfb04b967533-200-140.jpg
北京–abby,https://toseseni.com/wp-content/cache/theme-thumbnail/6ff4de9565eaa329ddb3e6c1e066f9c5-200-140.jpg
北京–小兔子,https://toseseni.com/wp-content/cache/theme-thumbnail/f5283e3819bf284642de30ad226e5817-200-140.jpg
北京–姐妹花,https://toseseni.com/wp-content/cache/theme-thumbnail/f91d6458c16b3da4b4c3efc4883eaca0-200-140.jpg
成都–香香,https://toseseni.com/wp-content/cache/theme-thumbnail/ff844bb329e206b18bc2a7ad8c6f8afa-200-140.jpg
深圳–sunny允,https://toseseni.com/wp-content/cache/theme-thumbnail/b3158b038d99091071a5f6ec7a3d4e24-200-140.jpg
深圳–金灵儿,https://toseseni.com/wp-content/cache/theme-thumbnail/0eb9505742b469011387d58671b09664-200-140.jpg
北京–静雯,https://toseseni.com/wp-content/cache/theme-thumbnail/55d988a46316f1e468f0b175857da151-200-140.jpg
杭州–kate,https://toseseni.com/wp-content/cache/theme-thumbnail/55d988a46316f1e468f0b175857da151-200-140.jpg
成都–阿雯,https://toseseni.com/wp-content/cache/theme-thumbnail/c0c911fcf96f2ed9a45c8fee25ea33b6-200-140.jpg
北京–晓钰,https://toseseni.com/wp-content/cache/theme-thumbnail/5b3c34cfad684179c9eb729bb3da4fb0-200-140.jpg
北京–卡布奇诺,https://toseseni.com/wp-content/cache/theme-thumbnail/55d988a46316f1e468f0b175857da151-200-140.jpg
北京–朱莉,https://toseseni.com/wp-content/cache/theme-thumbnail/40160a6d1bfc8959cb96664dff29f3ea-200-140.jpg
江浙沪–混血艾哒,https://toseseni.com/wp-content/cache/theme-thumbnail/4b7c143c9b828359a8d43e9e7359ea18-200-140.jpg
北京–舌头会翻花绳的冰冰,https://toseseni.com/wp-content/cache/theme-thumbnail/741b26ca541cd15d0768cae536a4aa6b-200-140.jpg
北京–阳阳,https://toseseni.com/wp-content/cache/theme-thumbnail/edde056efd2390be7d73ca3df29dc807-200-140.jpg
北京–小仙女-百子湾,https://toseseni.com/wp-content/cache/theme-thumbnail/ea425df16b9d99a489c69628401ffe77-200-140.jpg
北京–九龙山–冰冰,https://toseseni.com/wp-content/cache/theme-thumbnail/e1f44aaaf6f3858a3bb717c05e26dd5b-200-140.jpg
關關-上海-杭州,https://toseseni.com/wp-content/cache/theme-thumbnail/c418ca40377632b98d594d1381b737c2-200-140.jpg
牡丹-北京-双井,https://toseseni.com/wp-content/cache/theme-thumbnail/2ac8d5648311f00528ae603488274ca1-200-140.jpg
依依-北京-百子湾,https://toseseni.com/wp-content/cache/theme-thumbnail/882925014f7f23b69c3bd7fc549e2728-200-140.jpg
可可-北京,https://toseseni.com/wp-content/cache/theme-thumbnail/92b3675eb191218b4fc699a76b185616-200-140.jpg
MM小金莲-北京,https://toseseni.com/wp-content/cache/theme-thumbnail/b2cd2b340f21771b596745baa5a8d610-200-140.jpg
欣欣-北京-立水桥,https://toseseni.com/wp-content/cache/theme-thumbnail/a94f1d03a50f5e97879262103f25517e-200-140.jpg
滢滢-北京-石景山,https://toseseni.com/wp-content/cache/theme-thumbnail/69ed72032b93ada3b503d31599f04b1e-200-140.jpg
静静-北京-丰台区,https://toseseni.com/wp-content/cache/theme-thumbnail/86abf7fc2d016e88879b7bac6fd55db5-200-140.jpg
朵朵-北京-双井,https://toseseni.com/wp-content/cache/theme-thumbnail/bd76ac06b829641e0d3a3f623b59e90d-200-140.jpg
